date,location,location_name,cases,hospitalizations,deaths
2020-01-22,US,United States,1.0,,1.0
2020-01-23,US,United States,0.0,,1.0
2020-01-24,US,United States,1.0,,1.0
2020-01-25,US,United States,0.0,,1.0
2020-01-26,US,United States,3.0,,1.0
2020-01-27,US,United States,0.0,,1.0
2020-01-28,US,United States,0.0,,1.0
2020-01-29,US,United States,1.0,,1.0
2020-01-30,US,United States,0.0,,1.0
2020-01-31,US,United States,2.0,,1.0
2020-02-01,US,United States,0.0,,1.0
2020-02-02,US,United States,0.0,,1.0
2020-02-03,US,United States,3.0,,1.0
2020-02-04,US,United States,0.0,,1.0
2020-02-05,US,United States,0.0,,1.0
2020-02-06,US,United States,1.0,,1.0
2020-02-07,US,United States,0.0,,1.0
2020-02-08,US,United States,0.0,,1.0
2020-02-09,US,United States,0.0,,1.0
2020-02-10,US,United States,0.0,,1.0
2020-02-11,US,United States,1.0,,1.0
2020-02-12,US,United States,0.0,,1.0
2020-02-13,US,United States,1.0,,1.0
2020-02-14,US,United States,0.0,,1.0
2020-02-15,US,United States,0.0,,1.0
2020-02-16,US,United States,0.0,,1.0
2020-02-17,US,United States,1.0,,1.0
2020-02-18,US,United States,1.0,,1.0
2020-02-19,US,United States,0.0,,1.0
2020-02-20,US,United States,0.0,,1.0
2020-02-21,US,United States,0.0,,1.0
2020-02-22,US,United States,0.0,,1.0
2020-02-23,US,United States,0.0,,1.0
2020-02-24,US,United States,1.0,,1.0
2020-02-25,US,United States,1.0,,1.0
2020-02-26,US,United States,1.0,,1.0
2020-02-27,US,United States,0.0,,1.0
2020-02-28,US,United States,0.0,,1.0
2020-02-29,US,United States,7.0,,2.0
2020-03-01,US,United States,13.0,,2.0
2020-03-02,US,United States,18.0,,7.0
2020-03-03,US,United States,22.0,,8.0
2020-03-04,US,United States,34.0,,12.0
2020-03-05,US,United States,71.0,,13.0
2020-03-06,US,United States,63.0,,15.0
2020-03-07,US,United States,170.0,,18.0
2020-03-08,US,United States,121.0,,22.0
2020-03-09,US,United States,92.0,,24.0
2020-03-10,US,United States,167.0,,29.0
2020-03-11,US,United States,359.0,,34.0
2020-03-12,US,United States,440.0,,45.0
2020-03-13,US,United States,626.0,,52.0
2020-03-14,US,United States,730.0,,61.0
2020-03-15,US,United States,282.0,,72.0
2020-03-16,US,United States,1433.0,,97.0
2020-03-17,US,United States,1783.0,,133.0
2020-03-18,US,United States,2706.0,,198.0
2020-03-19,US,United States,4507.0,,273.0
2020-03-20,US,United States,6401.0,,378.0
2020-03-21,US,United States,5992.0,,482.0
2020-03-22,US,United States,8888.0,,603.0
2020-03-23,US,United States,11152.0,,790.0
2020-03-24,US,United States,10618.0,,1033.0
2020-03-25,US,United States,12127.0,,1366.0
2020-03-26,US,United States,17821.0,,1783.0
2020-03-27,US,United States,18591.0,,2305.0
2020-03-28,US,United States,22164.0,,3018.0
2020-03-29,US,United States,16127.0,,3573.0
2020-03-30,US,United States,22154.0,,4280.0
2020-03-31,US,United States,26381.0,,5359.0
2020-04-01,US,United States,35464.0,,6989.0
2020-04-02,US,United States,32255.0,,8535.0
2020-04-03,US,United States,32403.0,,9970.0
2020-04-04,US,United States,31764.0,,11589.0
2020-04-05,US,United States,29152.0,,13226.0
2020-04-06,US,United States,31993.0,,14989.0
2020-04-07,US,United States,30146.0,,17595.0
2020-04-08,US,United States,31244.0,,19747.0
2020-04-09,US,United States,35481.0,,22003.0
2020-04-10,US,United States,34415.0,,24160.0
2020-04-11,US,United States,28917.0,,26295.0
2020-04-12,US,United States,26238.0,,28203.0
2020-04-13,US,United States,27238.0,,30204.0
2020-04-14,US,United States,28517.0,,32685.0
2020-04-15,US,United States,26039.0,,35284.0
2020-04-16,US,United States,29617.0,,37479.0
2020-04-17,US,United States,33190.0,,39583.0
2020-04-18,US,United States,27312.0,,41521.0
2020-04-19,US,United States,25424.0,,43510.0
2020-04-20,US,United States,30261.0,,45768.0
2020-04-21,US,United States,26329.0,,48245.0
2020-04-22,US,United States,29967.0,,50710.0
2020-04-23,US,United States,32078.0,,53137.0
2020-04-24,US,United States,31491.0,,55201.0
2020-04-25,US,United States,30626.0,,56939.0
2020-04-26,US,United States,25897.0,,58354.0
2020-04-27,US,United States,24693.0,,59840.0
2020-04-28,US,United States,24604.0,,62072.0
2020-04-29,US,United States,26809.0,,64446.0
2020-04-30,US,United States,29507.0,,66636.0
2020-05-01,US,United States,34822.0,,68516.0
2020-05-02,US,United States,26647.0,,70289.0
2020-05-03,US,United States,23570.0,,71492.0
2020-05-04,US,United States,24051.0,,72862.0
2020-05-05,US,United States,24081.0,,75041.0
2020-05-06,US,United States,24373.0,,77359.0
2020-05-07,US,United States,28210.0,,79262.0
2020-05-08,US,United States,27207.0,,81031.0
2020-05-09,US,United States,24247.0,,82502.0
2020-05-10,US,United States,18703.0,,83503.0
2020-05-11,US,United States,19222.0,,84529.0
2020-05-12,US,United States,23378.0,,86119.0
2020-05-13,US,United States,20001.0,,87814.0
2020-05-14,US,United States,25877.0,,89579.0
2020-05-15,US,United States,24399.0,,91205.0
2020-05-16,US,United States,23868.0,,92374.0
2020-05-17,US,United States,18643.0,,93190.0
2020-05-18,US,United States,22384.0,,94412.0
2020-05-19,US,United States,20758.0,,95840.0
2020-05-20,US,United States,22839.0,,97309.0
2020-05-21,US,United States,25112.0,,98491.0
2020-05-22,US,United States,23922.0,,99695.0
2020-05-23,US,United States,19928.0,,100773.0
2020-05-24,US,United States,20121.0,,101410.0
2020-05-25,US,United States,19186.0,,102010.0
2020-05-26,US,United States,18696.0,,102663.0
2020-05-27,US,United States,18805.0,,104115.0
2020-05-28,US,United States,21129.0,,105180.0
2020-05-29,US,United States,24737.0,,106289.0
2020-05-30,US,United States,22717.0,,107236.0
2020-05-31,US,United States,18764.0,,107857.0
2020-06-01,US,United States,17837.0,,108624.0
2020-06-02,US,United States,19956.0,,109603.0
2020-06-03,US,United States,19048.0,,110602.0
2020-06-04,US,United States,27711.0,,111600.0
2020-06-05,US,United States,26181.0,,112469.0
2020-06-06,US,United States,20153.0,,113107.0
2020-06-07,US,United States,17809.0,,113567.0
2020-06-08,US,United States,16912.0,,114069.0
2020-06-09,US,United States,20324.0,,114978.0
2020-06-10,US,United States,21746.0,,115836.0
2020-06-11,US,United States,22303.0,,116643.0
2020-06-12,US,United States,25555.0,,117466.0
2020-06-13,US,United States,24136.0,,118173.0
2020-06-14,US,United States,18953.0,,118521.0
2020-06-15,US,United States,21095.0,,118919.0
2020-06-16,US,United States,24628.0,,119694.0
2020-06-17,US,United States,27079.0,,120435.0
2020-06-18,US,United States,28238.0,,121132.0
2020-06-19,US,United States,30996.0,,121760.0
2020-06-20,US,United States,31866.0,,122323.0
2020-06-21,US,United States,25859.0,,122642.0
2020-06-22,US,United States,29989.0,,123021.0
2020-06-23,US,United States,38829.0,,123751.0
2020-06-24,US,United States,36279.0,,124506.0
2020-06-25,US,United States,39357.0,,125058.0
2020-06-26,US,United States,49086.0,,125688.0
2020-06-27,US,United States,40833.0,,126188.0
2020-06-28,US,United States,42918.0,,126512.0
2020-06-29,US,United States,41518.0,,126881.0
2020-06-30,US,United States,50056.0,,127430.0
2020-07-01,US,United States,49330.0,,128132.0
2020-07-02,US,United States,55084.0,,128881.0
2020-07-03,US,United States,51658.0,,129560.0
2020-07-04,US,United States,46024.0,,129870.0
2020-07-05,US,United States,53950.0,,130199.0
2020-07-06,US,United States,43632.0,,130580.0
2020-07-07,US,United States,57413.0,,131721.0
2020-07-08,US,United States,60504.0,,132560.0
2020-07-09,US,United States,59833.0,,133598.0
2020-07-10,US,United States,68522.0,,134405.0
2020-07-11,US,United States,60441.0,,135165.0
2020-07-12,US,United States,60220.0,,135638.0
2020-07-13,US,United States,59625.0,,136082.0
2020-07-14,US,United States,65757.0,,136987.0
2020-07-15,US,United States,66299.0,,137940.0
2020-07-16,US,United States,70774.0,,138918.0
2020-07-17,US,United States,66422.0,,139842.0
2020-07-18,US,United States,64325.0,,140732.0
2020-07-19,US,United States,58993.0,,141214.0
2020-07-20,US,United States,60856.0,,141749.0
2020-07-21,US,United States,68295.0,,142843.0
2020-07-22,US,United States,67450.0,,144064.0
2020-07-23,US,United States,67767.0,,145137.0
2020-07-24,US,United States,74949.0,,146229.0
2020-07-25,US,United States,63755.0,,147193.0
2020-07-26,US,United States,55631.0,,147741.0
2020-07-27,US,United States,59997.0,6100.0,148845.0
2020-07-28,US,United States,64564.0,5257.0,150060.0
2020-07-29,US,United States,64051.0,5387.0,151492.0
2020-07-30,US,United States,69204.0,6288.0,152805.0
2020-07-31,US,United States,64375.0,6034.0,153967.0
2020-08-01,US,United States,57424.0,4504.0,155088.0
2020-08-02,US,United States,46889.0,4471.0,155564.0
2020-08-03,US,United States,41896.0,5063.0,156124.0
2020-08-04,US,United States,61621.0,4844.0,157372.0
2020-08-05,US,United States,54137.0,4911.0,158787.0
2020-08-06,US,United States,60036.0,4920.0,159968.0
2020-08-07,US,United States,60441.0,4656.0,161263.0
2020-08-08,US,United States,63767.0,4149.0,162352.0
2020-08-09,US,United States,54163.0,4095.0,162933.0
2020-08-10,US,United States,51637.0,4796.0,163461.0
2020-08-11,US,United States,56876.0,4456.0,164541.0
2020-08-12,US,United States,55222.0,4594.0,166045.0
2020-08-13,US,United States,51446.0,4827.0,167073.0
2020-08-14,US,United States,70072.0,4740.0,168376.0
2020-08-15,US,United States,52325.0,4173.0,169419.0
2020-08-16,US,United States,34577.0,4578.0,170030.0
2020-08-17,US,United States,37997.0,4744.0,170509.0
2020-08-18,US,United States,44975.0,4273.0,171738.0
2020-08-19,US,United States,45915.0,4421.0,172417.0
2020-08-20,US,United States,45135.0,4173.0,173515.0
2020-08-21,US,United States,47900.0,4520.0,174612.0
2020-08-22,US,United States,45271.0,3704.0,175574.0
2020-08-23,US,United States,31903.0,3770.0,176076.0
2020-08-24,US,United States,34091.0,4367.0,176507.0
2020-08-25,US,United States,42562.0,4419.0,177724.0
2020-08-26,US,United States,42192.0,4178.0,178877.0
2020-08-27,US,United States,50437.0,4666.0,179985.0
2020-08-28,US,United States,46320.0,4611.0,180901.0
2020-08-29,US,United States,43071.0,3915.0,181864.0
2020-08-30,US,United States,34168.0,3905.0,182304.0
2020-08-31,US,United States,33526.0,4122.0,182789.0
2020-09-01,US,United States,41969.0,4077.0,183850.0
2020-09-02,US,United States,40118.0,3841.0,184923.0
2020-09-03,US,United States,45211.0,4065.0,185946.0
2020-09-04,US,United States,48659.0,3768.0,186896.0
2020-09-05,US,United States,43238.0,3312.0,187687.0
2020-09-06,US,United States,29078.0,3419.0,188125.0
2020-09-07,US,United States,24702.0,3667.0,188448.0
2020-09-08,US,United States,27103.0,4544.0,188917.0
2020-09-09,US,United States,33851.0,4501.0,190017.0
2020-09-10,US,United States,39622.0,4464.0,190926.0
2020-09-11,US,United States,44825.0,4055.0,192068.0
2020-09-12,US,United States,45615.0,3754.0,192805.0
2020-09-13,US,United States,40308.0,3045.0,193196.0
2020-09-14,US,United States,32901.0,3892.0,193620.0
2020-09-15,US,United States,37439.0,3477.0,194806.0
2020-09-16,US,United States,38349.0,3569.0,195736.0
2020-09-17,US,United States,45441.0,3528.0,196583.0
2020-09-18,US,United States,50227.0,3436.0,197540.0
2020-09-19,US,United States,45655.0,3073.0,198205.0
2020-09-20,US,United States,41605.0,3216.0,198471.0
2020-09-21,US,United States,32260.0,3747.0,198881.0
2020-09-22,US,United States,38308.0,3689.0,199902.0
2020-09-23,US,United States,41230.0,3577.0,200953.0
2020-09-24,US,United States,48997.0,3643.0,201838.0
2020-09-25,US,United States,47626.0,3711.0,202753.0
2020-09-26,US,United States,43890.0,3294.0,203515.0
2020-09-27,US,United States,33707.0,3697.0,203818.0
2020-09-28,US,United States,36571.0,4102.0,204151.0
2020-09-29,US,United States,42290.0,3992.0,205042.0
2020-09-30,US,United States,38916.0,4034.0,205947.0
2020-10-01,US,United States,46362.0,3891.0,206842.0
2020-10-02,US,United States,53547.0,4232.0,207730.0
2020-10-03,US,United States,49380.0,3656.0,208402.0
2020-10-04,US,United States,33370.0,4584.0,208771.0
2020-10-05,US,United States,37947.0,5378.0,209246.0
2020-10-06,US,United States,45021.0,4813.0,209933.0
2020-10-07,US,United States,49467.0,4829.0,210837.0
2020-10-08,US,United States,58213.0,4757.0,211813.0
2020-10-09,US,United States,55331.0,4770.0,212773.0
2020-10-10,US,United States,55254.0,4537.0,213421.0
2020-10-11,US,United States,46880.0,4660.0,213884.0
2020-10-12,US,United States,42955.0,5432.0,214277.0
2020-10-13,US,United States,50596.0,5358.0,215008.0
2020-10-14,US,United States,59171.0,5274.0,215996.0
2020-10-15,US,United States,63862.0,5574.0,216835.0
2020-10-16,US,United States,70310.0,5538.0,217758.0
2020-10-17,US,United States,54850.0,5165.0,218547.0
2020-10-18,US,United States,52294.0,5221.0,219028.0
2020-10-19,US,United States,68737.0,6203.0,219538.0
2020-10-20,US,United States,62571.0,6004.0,220486.0
2020-10-21,US,United States,61425.0,6154.0,221654.0
2020-10-22,US,United States,80216.0,6131.0,222513.0
2020-10-23,US,United States,82132.0,6270.0,223467.0
2020-10-24,US,United States,78099.0,5422.0,224438.0
2020-10-25,US,United States,60377.0,5545.0,224891.0
2020-10-26,US,United States,64470.0,6625.0,225448.0
2020-10-27,US,United States,78977.0,7022.0,226468.0
2020-10-28,US,United States,88388.0,7167.0,227510.0
2020-10-29,US,United States,92679.0,7431.0,228505.0
2020-10-30,US,United States,100499.0,6902.0,229576.0
2020-10-31,US,United States,86772.0,6349.0,230515.0
2020-11-01,US,United States,78138.0,6835.0,231024.0
2020-11-02,US,United States,83938.0,7916.0,231745.0
2020-11-03,US,United States,126902.0,8089.0,233368.0
2020-11-04,US,United States,102069.0,8473.0,234481.0
2020-11-05,US,United States,130032.0,8806.0,235664.0
2020-11-06,US,United States,129127.0,8985.0,236879.0
2020-11-07,US,United States,127222.0,8312.0,238006.0
2020-11-08,US,United States,119368.0,8643.0,238582.0
2020-11-09,US,United States,119525.0,10348.0,239385.0
2020-11-10,US,United States,139284.0,10447.0,240819.0
2020-11-11,US,United States,149559.0,10569.0,242281.0
2020-11-12,US,United States,159537.0,10747.0,243519.0
2020-11-13,US,United States,178761.0,10764.0,244742.0
2020-11-14,US,United States,162880.0,10137.0,246113.0
2020-11-15,US,United States,138514.0,10394.0,246899.0
2020-11-16,US,United States,155737.0,12210.0,247773.0
2020-11-17,US,United States,167352.0,12120.0,249517.0
2020-11-18,US,United States,173416.0,12154.0,251451.0
2020-11-19,US,United States,191967.0,12506.0,253463.0
2020-11-20,US,United States,201084.0,12138.0,255432.0
2020-11-21,US,United States,177604.0,11025.0,257064.0
2020-11-22,US,United States,145235.0,11266.0,258140.0
2020-11-23,US,United States,184286.0,13507.0,259278.0
2020-11-24,US,United States,174968.0,13249.0,261452.0
2020-11-25,US,United States,181251.0,12728.0,263705.0
2020-11-26,US,United States,112911.0,11107.0,265101.0
2020-11-27,US,United States,215202.0,13093.0,266720.0
2020-11-28,US,United States,167489.0,12433.0,268131.0
2020-11-29,US,United States,139673.0,12143.0,269174.0
2020-11-30,US,United States,158531.0,14456.0,270550.0
2020-12-01,US,United States,198831.0,13946.0,273082.0
2020-12-02,US,United States,197016.0,13913.0,275922.0
2020-12-03,US,United States,219423.0,14038.0,278827.0
2020-12-04,US,United States,235134.0,13928.0,281487.0
2020-12-05,US,United States,219923.0,12456.0,283882.0
2020-12-06,US,United States,178131.0,12694.0,285301.0
2020-12-07,US,United States,196241.0,14790.0,286932.0
2020-12-08,US,United States,227499.0,15100.0,289532.0
2020-12-09,US,United States,215733.0,15262.0,292465.0
2020-12-10,US,United States,235777.0,15271.0,295376.0
2020-12-11,US,United States,236903.0,15067.0,298708.0
2020-12-12,US,United States,222757.0,13404.0,301215.0
2020-12-13,US,United States,190641.0,13547.0,302810.0
2020-12-14,US,United States,210361.0,16191.0,304505.0
2020-12-15,US,United States,227222.0,15571.0,307402.0
2020-12-16,US,United States,234143.0,15247.0,311076.0
2020-12-17,US,United States,239174.0,15269.0,314488.0
2020-12-18,US,United States,246440.0,15164.0,317416.0
2020-12-19,US,United States,205025.0,13865.0,320152.0
2020-12-20,US,United States,186169.0,14155.0,321849.0
2020-12-21,US,United States,197425.0,16771.0,323672.0
2020-12-22,US,United States,205789.0,16461.0,326999.0
2020-12-23,US,United States,220787.0,15801.0,330302.0
2020-12-24,US,United States,211594.0,14509.0,333162.0
2020-12-25,US,United States,125524.0,13376.0,334661.0
2020-12-26,US,United States,217968.0,15145.0,336571.0
2020-12-27,US,United States,136184.0,14807.0,338003.0
2020-12-28,US,United States,174632.0,16610.0,339900.0
2020-12-29,US,United States,206842.0,16812.0,343470.0
2020-12-30,US,United States,218749.0,16751.0,347322.0
2020-12-31,US,United States,313926.0,16034.0,350568.0
2021-01-01,US,United States,177520.0,15131.0,352773.0
2021-01-02,US,United States,272624.0,15924.0,355368.0
2021-01-03,US,United States,203213.0,15075.0,356793.0
2021-01-04,US,United States,186733.0,18104.0,358807.0
2021-01-05,US,United States,232142.0,17704.0,362381.0
2021-01-06,US,United States,259715.0,17070.0,366255.0
2021-01-07,US,United States,285063.0,17008.0,370250.0
2021-01-08,US,United States,302860.0,16774.0,374474.0
2021-01-09,US,United States,263504.0,14511.0,377600.0
2021-01-10,US,United States,209946.0,14140.0,379691.0
2021-01-11,US,United States,204502.0,16641.0,381541.0
2021-01-12,US,United States,222416.0,16447.0,385916.0
2021-01-13,US,United States,228675.0,16244.0,389891.0
2021-01-14,US,United States,234924.0,16257.0,393665.0
2021-01-15,US,United States,244337.0,15604.0,397479.0
2021-01-16,US,United States,216982.0,13426.0,401029.0
2021-01-17,US,United States,176165.0,12988.0,403010.0
2021-01-18,US,United States,141284.0,14556.0,404594.0
2021-01-19,US,United States,157014.0,14074.0,406996.0
2021-01-20,US,United States,187668.0,13895.0,411373.0
2021-01-21,US,United States,192027.0,14219.0,415467.0
2021-01-22,US,United States,191356.0,13318.0,419237.0
2021-01-23,US,United States,177339.0,11397.0,422760.0
2021-01-24,US,United States,139795.0,10714.0,424587.0
2021-01-25,US,United States,129973.0,13272.0,426369.0
2021-01-26,US,United States,151293.0,12510.0,430350.0
2021-01-27,US,United States,155165.0,12207.0,434407.0
2021-01-28,US,United States,166715.0,11227.0,438211.0
2021-01-29,US,United States,163300.0,11070.0,441764.0
2021-01-30,US,United States,150409.0,9524.0,444622.0
2021-01-31,US,United States,112571.0,9280.0,446554.0
2021-02-01,US,United States,125812.0,10687.0,448333.0
2021-02-02,US,United States,117390.0,10579.0,451889.0
2021-02-03,US,United States,124375.0,10642.0,455746.0
2021-02-04,US,United States,124653.0,10164.0,459628.0
2021-02-05,US,United States,130407.0,9841.0,463290.0
2021-02-06,US,United States,116280.0,8115.0,466016.0
2021-02-07,US,United States,89169.0,7630.0,467477.0
2021-02-08,US,United States,83162.0,9122.0,468926.0
2021-02-09,US,United States,95758.0,8678.0,471952.0
2021-02-10,US,United States,95695.0,8340.0,475314.0
2021-02-11,US,United States,106152.0,7952.0,478467.0
2021-02-12,US,United States,99559.0,7579.0,481302.0
2021-02-13,US,United States,90348.0,6510.0,483552.0
2021-02-14,US,United States,68190.0,5901.0,484703.0
2021-02-15,US,United States,56104.0,7039.0,485649.0
2021-02-16,US,United States,59837.0,7275.0,487297.0
2021-02-17,US,United States,69005.0,6929.0,489705.0
2021-02-18,US,United States,72250.0,6713.0,492263.0
2021-02-19,US,United States,74874.0,6741.0,494783.0
2021-02-20,US,United States,73581.0,5811.0,496690.0
2021-02-21,US,United States,55253.0,5723.0,497900.0
2021-02-22,US,United States,56056.0,6787.0,499101.0
2021-02-23,US,United States,73830.0,6596.0,501358.0
2021-02-24,US,United States,74981.0,6250.0,504572.0
2021-02-25,US,United States,77060.0,5766.0,507080.0
2021-02-26,US,United States,74923.0,5593.0,509203.0
2021-02-27,US,United States,70830.0,4964.0,510714.0
2021-02-28,US,United States,51656.0,4584.0,511802.0
2021-03-01,US,United States,50122.0,5453.0,513020.0
2021-03-02,US,United States,58677.0,5402.0,514941.0
2021-03-03,US,United States,67068.0,5413.0,517462.0
2021-03-04,US,United States,68441.0,5322.0,519383.0
2021-03-05,US,United States,67182.0,5057.0,521099.0
2021-03-06,US,United States,60763.0,4332.0,522616.0
2021-03-07,US,United States,41544.0,4307.0,523317.0
2021-03-08,US,United States,44748.0,5128.0,524038.0
2021-03-09,US,United States,55831.0,5178.0,525796.0
2021-03-10,US,United States,57720.0,4946.0,527332.0
2021-03-11,US,United States,61755.0,5235.0,528875.0
2021-03-12,US,United States,62274.0,4731.0,530297.0
2021-03-13,US,United States,56258.0,4120.0,531262.0
2021-03-14,US,United States,38566.0,4193.0,531779.0
2021-03-15,US,United States,51537.0,5007.0,532483.0
2021-03-16,US,United States,55079.0,4937.0,533732.0
2021-03-17,US,United States,59879.0,4931.0,534926.0
2021-03-18,US,United States,62203.0,4911.0,536556.0
2021-03-19,US,United States,60910.0,4881.0,537579.0
2021-03-20,US,United States,58267.0,4139.0,538349.0
2021-03-21,US,United States,35412.0,4245.0,539056.0
2021-03-22,US,United States,48437.0,5290.0,539608.0
2021-03-23,US,United States,52726.0,5208.0,540548.0
2021-03-24,US,United States,87825.0,5276.0,542008.0
2021-03-25,US,United States,67389.0,5189.0,543351.0
2021-03-26,US,United States,76144.0,5068.0,544504.0
2021-03-27,US,United States,63792.0,4707.0,545309.0
2021-03-28,US,United States,46372.0,4509.0,545751.0
2021-03-29,US,United States,66643.0,5452.0,546385.0
2021-03-30,US,United States,62222.0,5275.0,547274.0
2021-03-31,US,United States,69402.0,5383.0,548342.0
2021-04-01,US,United States,76845.0,5370.0,549442.0
2021-04-02,US,United States,73864.0,5308.0,550338.0
2021-04-03,US,United States,64509.0,4826.0,551095.0
2021-04-04,US,United States,37867.0,4893.0,551407.0
2021-04-05,US,United States,68224.0,6081.0,551873.0
2021-04-06,US,United States,63395.0,5831.0,552701.0
2021-04-07,US,United States,75739.0,5749.0,555299.0
2021-04-08,US,United States,79844.0,5790.0,556309.0
2021-04-09,US,United States,84412.0,5622.0,557213.0
2021-04-10,US,United States,70364.0,5233.0,557972.0
2021-04-11,US,United States,47331.0,5126.0,558264.0
2021-04-12,US,United States,63202.0,5971.0,558719.0
2021-04-13,US,United States,80713.0,5849.0,559581.0
2021-04-14,US,United States,74962.0,5788.0,560515.0
2021-04-15,US,United States,74228.0,5998.0,561421.0
2021-04-16,US,United States,82748.0,5900.0,562290.0
2021-04-17,US,United States,55384.0,5256.0,563000.0
2021-04-18,US,United States,43823.0,5104.0,563351.0
2021-04-19,US,United States,59835.0,5838.0,563847.0
2021-04-20,US,United States,62429.0,5668.0,564683.0
2021-04-21,US,United States,64690.0,5478.0,565581.0
2021-04-22,US,United States,66213.0,5298.0,566520.0
2021-04-23,US,United States,62650.0,5115.0,567284.0
2021-04-24,US,United States,54307.0,4594.0,568034.0
2021-04-25,US,United States,34408.0,4505.0,568343.0
2021-04-26,US,United States,43288.0,5333.0,568821.0
2021-04-27,US,United States,52057.0,5082.0,569487.0
2021-04-28,US,United States,55834.0,5031.0,570470.0
2021-04-29,US,United States,57679.0,5087.0,571353.0
2021-04-30,US,United States,57726.0,4588.0,572157.0
2021-05-01,US,United States,48171.0,4109.0,572905.0
2021-05-02,US,United States,30596.0,4284.0,573233.0
2021-05-03,US,United States,45400.0,4817.0,573719.0
2021-05-04,US,United States,42727.0,4580.0,574561.0
2021-05-05,US,United States,45795.0,4407.0,575376.0
2021-05-06,US,United States,45944.0,4409.0,576171.0
2021-05-07,US,United States,48165.0,4188.0,576928.0
2021-05-08,US,United States,34964.0,3502.0,577567.0
2021-05-09,US,United States,22739.0,3599.0,577830.0
2021-05-10,US,United States,32796.0,4121.0,578232.0
2021-05-11,US,United States,35280.0,3976.0,578912.0
2021-05-12,US,United States,35961.0,3774.0,579678.0
2021-05-13,US,United States,37883.0,3764.0,580419.0
2021-05-14,US,United States,41582.0,3536.0,581050.0
2021-05-15,US,United States,30481.0,3030.0,581575.0
2021-05-16,US,United States,17632.0,3027.0,581843.0
2021-05-17,US,United States,25531.0,3595.0,582245.0
2021-05-18,US,United States,29018.0,3568.0,583025.0
2021-05-19,US,United States,29044.0,3265.0,583679.0
2021-05-20,US,United States,30005.0,3329.0,584364.0
2021-05-21,US,United States,28665.0,3226.0,584965.0
2021-05-22,US,United States,20917.0,2848.0,585453.0
2021-05-23,US,United States,13788.0,2831.0,585659.0
2021-05-24,US,United States,22158.0,3253.0,586096.0
2021-05-25,US,United States,23806.0,3059.0,586735.0
2021-05-26,US,United States,24351.0,3039.0,587720.0
2021-05-27,US,United States,26546.0,2854.0,589070.0
2021-05-28,US,United States,21916.0,2595.0,589600.0
2021-05-29,US,United States,12974.0,2298.0,589928.0
2021-05-30,US,United States,7206.0,2214.0,590076.0
2021-05-31,US,United States,6350.0,2289.0,590258.0
2021-06-01,US,United States,21093.0,2655.0,590901.0
2021-06-02,US,United States,16591.0,2502.0,591466.0
2021-06-03,US,United States,17969.0,2451.0,592095.0
2021-06-04,US,United States,17513.0,2275.0,592612.0
2021-06-05,US,United States,15157.0,1970.0,593198.0
2021-06-06,US,United States,5896.0,1931.0,593367.0
2021-06-07,US,United States,14186.0,2344.0,593674.0
2021-06-08,US,United States,12799.0,2225.0,593982.0
2021-06-09,US,United States,18201.0,2216.0,594457.0
2021-06-10,US,United States,14517.0,2234.0,594859.0
2021-06-11,US,United States,24504.0,2028.0,595385.0
2021-06-12,US,United States,8821.0,1846.0,595654.0
2021-06-13,US,United States,5029.0,1823.0,595766.0
2021-06-14,US,United States,11905.0,2020.0,595952.0
2021-06-15,US,United States,10643.0,2062.0,596275.0
2021-06-16,US,United States,11754.0,1954.0,596658.0
2021-06-17,US,United States,11522.0,2003.0,596957.0
2021-06-18,US,United States,20986.0,1842.0,597556.0
2021-06-19,US,United States,8889.0,1632.0,597726.0
2021-06-20,US,United States,4929.0,1667.0,597806.0
2021-06-21,US,United States,10728.0,2043.0,598066.0
2021-06-22,US,United States,10770.0,1979.0,598408.0
2021-06-23,US,United States,12490.0,1989.0,598794.0
2021-06-24,US,United States,14195.0,1940.0,599136.0
2021-06-25,US,United States,24509.0,1953.0,599664.0
2021-06-26,US,United States,9045.0,1801.0,599825.0
2021-06-27,US,United States,4662.0,1823.0,599901.0
2021-06-28,US,United States,13765.0,2111.0,600060.0
2021-06-29,US,United States,7531.0,2150.0,600389.0
2021-06-30,US,United States,15279.0,2098.0,600688.0
2021-07-01,US,United States,14926.0,2358.0,600971.0
2021-07-02,US,United States,29596.0,2117.0,601408.0
2021-07-03,US,United States,5286.0,1920.0,601493.0
2021-07-04,US,United States,4271.0,2003.0,601533.0
2021-07-05,US,United States,9165.0,2334.0,601654.0
2021-07-06,US,United States,22568.0,2669.0,601957.0
2021-07-07,US,United States,20139.0,2708.0,602284.0
2021-07-08,US,United States,20884.0,2788.0,602535.0
2021-07-09,US,United States,46974.0,2804.0,602998.0
2021-07-10,US,United States,10042.0,2604.0,603076.0
2021-07-11,US,United States,11768.0,2814.0,603197.0
2021-07-12,US,United States,29661.0,3342.0,603428.0
2021-07-13,US,United States,26505.0,3279.0,603784.0
2021-07-14,US,United States,31120.0,3511.0,604108.0
2021-07-15,US,United States,31932.0,3741.0,604464.0
2021-07-16,US,United States,78031.0,3792.0,604917.0
2021-07-17,US,United States,14071.0,3593.0,604989.0
2021-07-18,US,United States,20384.0,3958.0,605084.0
2021-07-19,US,United States,49213.0,4740.0,605282.0
2021-07-20,US,United States,39925.0,4768.0,605571.0
2021-07-21,US,United States,47854.0,5267.0,605935.0
2021-07-22,US,United States,56427.0,5386.0,606222.0
2021-07-23,US,United States,120781.0,5580.0,606774.0
2021-07-24,US,United States,29394.0,5364.0,606910.0
2021-07-25,US,United States,28654.0,5837.0,607013.0
2021-07-26,US,United States,78538.0,6832.0,607262.0
2021-07-27,US,United States,65151.0,7057.0,607720.0
2021-07-28,US,United States,73570.0,7212.0,608100.0
2021-07-29,US,United States,72356.0,7984.0,608419.0
2021-07-30,US,United States,191156.0,8040.0,609304.0
2021-07-31,US,United States,44736.0,7400.0,609481.0
2021-08-01,US,United States,45414.0,7877.0,609716.0
2021-08-02,US,United States,107474.0,9413.0,610088.0
2021-08-03,US,United States,98079.0,9484.0,610673.0
2021-08-04,US,United States,102405.0,9825.0,611222.0
2021-08-05,US,United States,109604.0,10216.0,611748.0
2021-08-06,US,United States,251959.0,10187.0,612879.0
2021-08-07,US,United States,63927.0,9803.0,613149.0
2021-08-08,US,United States,35734.0,10112.0,613289.0
2021-08-09,US,United States,158391.0,11536.0,613810.0
2021-08-10,US,United States,118321.0,11690.0,614632.0
2021-08-11,US,United States,154496.0,11985.0,615438.0
2021-08-12,US,United States,143846.0,11972.0,616469.0
2021-08-13,US,United States,226712.0,11741.0,617531.0
2021-08-14,US,United States,74236.0,10686.0,617810.0
2021-08-15,US,United States,47899.0,11138.0,618023.0
2021-08-16,US,United States,193322.0,12805.0,619069.0
2021-08-17,US,United States,151230.0,12827.0,620099.0
2021-08-18,US,United States,167260.0,12792.0,621301.0
2021-08-19,US,United States,155376.0,12664.0,623081.0
2021-08-20,US,United States,239003.0,12463.0,624535.0
2021-08-21,US,United States,93589.0,11651.0,625114.0
2021-08-22,US,United States,45416.0,11618.0,625335.0
2021-08-23,US,United States,206166.0,13092.0,626669.0
2021-08-24,US,United States,155223.0,12740.0,628106.0
2021-08-25,US,United States,179155.0,13058.0,629652.0
2021-08-26,US,United States,183791.0,12802.0,631870.0
2021-08-27,US,United States,238346.0,12308.0,633617.0
2021-08-28,US,United States,80085.0,11244.0,634268.0
2021-08-29,US,United States,53230.0,11390.0,634592.0
2021-08-30,US,United States,227918.0,12936.0,636305.0
2021-08-31,US,United States,180081.0,13076.0,637750.0
2021-09-01,US,United States,190387.0,12825.0,639794.0
2021-09-02,US,United States,179180.0,12057.0,642850.0
2021-09-03,US,United States,235115.0,12157.0,644789.0
2021-09-04,US,United States,87370.0,11080.0,645447.0
2021-09-05,US,United States,64743.0,11008.0,645868.0
2021-09-06,US,United States,90037.0,11436.0,646485.0
2021-09-07,US,United States,210084.0,12452.0,648578.0
2021-09-08,US,United States,177623.0,12264.0,650883.0
2021-09-09,US,United States,166707.0,11787.0,654112.0
2021-09-10,US,United States,241690.0,11260.0,656570.0
2021-09-11,US,United States,90575.0,10132.0,657412.0
2021-09-12,US,United States,49620.0,10117.0,657792.0
2021-09-13,US,United States,207683.0,11192.0,659942.0
2021-09-14,US,United States,145609.0,10870.0,661864.0
2021-09-15,US,United States,173212.0,10867.0,664598.0
2021-09-16,US,United States,158653.0,10326.0,668085.0
2021-09-17,US,United States,210630.0,9918.0,670545.0
2021-09-18,US,United States,76313.0,8776.0,671552.0
2021-09-19,US,United States,46031.0,8644.0,671959.0
2021-09-20,US,United States,169381.0,9831.0,674264.0
2021-09-21,US,United States,121879.0,9645.0,676706.0
2021-09-22,US,United States,131631.0,9274.0,679391.0
2021-09-23,US,United States,129076.0,8950.0,682699.0
2021-09-24,US,United States,174569.0,8457.0,685183.0
2021-09-25,US,United States,61915.0,7486.0,686033.0
2021-09-26,US,United States,55657.0,7339.0,686628.0
2021-09-27,US,United States,153901.0,8583.0,688881.0
2021-09-28,US,United States,113210.0,8196.0,691395.0
2021-09-29,US,United States,121880.0,7948.0,694033.0
2021-09-30,US,United States,110147.0,7829.0,696853.0
2021-10-01,US,United States,154832.0,7338.0,698981.0
2021-10-02,US,United States,49796.0,6502.0,699855.0
2021-10-03,US,United States,46239.0,6500.0,700401.0
2021-10-04,US,United States,140564.0,7598.0,702331.0
2021-10-05,US,United States,95557.0,7610.0,704219.0
2021-10-06,US,United States,112750.0,7372.0,706877.0
2021-10-07,US,United States,101108.0,7092.0,709348.0
2021-10-08,US,United States,130559.0,6884.0,711153.0
2021-10-09,US,United States,40377.0,6075.0,711605.0
2021-10-10,US,United States,41019.0,5974.0,712099.0
2021-10-11,US,United States,92851.0,6940.0,713281.0
2021-10-12,US,United States,110997.0,6781.0,715569.0
2021-10-13,US,United States,108316.0,6539.0,718755.0
2021-10-14,US,United States,86185.0,6571.0,720945.0
2021-10-15,US,United States,108750.0,6238.0,722767.0
2021-10-16,US,United States,41390.0,5416.0,723362.0
2021-10-17,US,United States,33191.0,5352.0,723842.0
2021-10-18,US,United States,96629.0,6122.0,725607.0
2021-10-19,US,United States,82629.0,5931.0,727571.0
2021-10-20,US,United States,92233.0,5965.0,730761.0
2021-10-21,US,United States,77331.0,5764.0,732779.0
2021-10-22,US,United States,95900.0,5537.0,734649.0
2021-10-23,US,United States,34331.0,4843.0,735223.0
2021-10-24,US,United States,20971.0,4947.0,735504.0
2021-10-25,US,United States,109472.0,5514.0,736961.0
2021-10-26,US,United States,67667.0,5546.0,738564.0
2021-10-27,US,United States,102466.0,5412.0,740624.0
2021-10-28,US,United States,74558.0,5413.0,742481.0
2021-10-29,US,United States,94718.0,5275.0,744213.0
2021-10-30,US,United States,36339.0,4565.0,744614.0
2021-10-31,US,United States,34031.0,4417.0,744873.0
2021-11-01,US,United States,109840.0,5430.0,746120.0
2021-11-02,US,United States,70093.0,5376.0,747431.0
2021-11-03,US,United States,86715.0,5280.0,749418.0
2021-11-04,US,United States,81232.0,5307.0,750620.0
2021-11-05,US,United States,97089.0,5164.0,752743.0
2021-11-06,US,United States,37294.0,4743.0,753251.0
2021-11-07,US,United States,38992.0,4904.0,753482.0
2021-11-08,US,United States,107329.0,5771.0,754687.0
2021-11-09,US,United States,79998.0,5582.0,756136.0
2021-11-10,US,United States,95133.0,5559.0,757831.0
2021-11-11,US,United States,57675.0,5608.0,758732.0
2021-11-12,US,United States,144120.0,5628.0,761183.0
2021-11-13,US,United States,46193.0,5053.0,761783.0
2021-11-14,US,United States,33902.0,5230.0,762013.0
2021-11-15,US,United States,131057.0,6423.0,763295.0
2021-11-16,US,United States,87981.0,6247.0,764617.0
2021-11-17,US,United States,112406.0,6418.0,766280.0
2021-11-18,US,United States,108583.0,6013.0,767616.0
2021-11-19,US,United States,126271.0,6012.0,769383.0
2021-11-20,US,United States,47256.0,5480.0,769858.0
2021-11-21,US,United States,41529.0,5978.0,770107.0
2021-11-22,US,United States,140896.0,7017.0,771354.0
2021-11-23,US,United States,91722.0,6711.0,772706.0
2021-11-24,US,United States,111572.0,6487.0,774404.0
2021-11-25,US,United States,37057.0,5709.0,774890.0
2021-11-26,US,United States,54693.0,6804.0,775279.0
2021-11-27,US,United States,28467.0,6095.0,775617.0
2021-11-28,US,United States,45123.0,6517.0,775894.0
2021-11-29,US,United States,185153.0,7578.0,777811.0
2021-11-30,US,United States,117605.0,7483.0,779453.0
2021-12-01,US,United States,137002.0,7341.0,781454.0
2021-12-02,US,United States,137912.0,7826.0,785394.0
2021-12-03,US,United States,157998.0,7653.0,787004.0
2021-12-04,US,United States,67808.0,6899.0,787704.0
2021-12-05,US,United States,56562.0,7067.0,788116.0
2021-12-06,US,United States,174919.0,8519.0,789541.0
2021-12-07,US,United States,112469.0,8342.0,791054.0
2021-12-08,US,United States,149378.0,8387.0,792875.0
2021-12-09,US,United States,123935.0,8377.0,794428.0
2021-12-10,US,United States,157415.0,8029.0,796181.0
2021-12-11,US,United States,57742.0,7299.0,796805.0
2021-12-12,US,United States,53397.0,6915.0,797176.0
2021-12-13,US,United States,183254.0,8252.0,798567.0
2021-12-14,US,United States,113350.0,8183.0,800079.0
2021-12-15,US,United States,145615.0,8222.0,802311.0
2021-12-16,US,United States,142190.0,8349.0,803579.0
2021-12-17,US,United States,192509.0,8026.0,805443.0
2021-12-18,US,United States,81681.0,7420.0,806122.0
2021-12-19,US,United States,90919.0,7508.0,806442.0
2021-12-20,US,United States,241162.0,8963.0,807992.0
2021-12-21,US,United States,182274.0,9312.0,809905.0
2021-12-22,US,United States,247854.0,9699.0,814090.0
2021-12-23,US,United States,274389.0,9682.0,815495.0
2021-12-24,US,United States,248269.0,9276.0,816184.0
2021-12-25,US,United States,88315.0,9652.0,816426.0
2021-12-26,US,United States,183521.0,10998.0,816796.0
2021-12-27,US,United States,506071.0,14017.0,818642.0
2021-12-28,US,United States,372460.0,15468.0,820933.0
2021-12-29,US,United States,511018.0,16122.0,823288.0
2021-12-30,US,United States,597947.0,16789.0,824775.0
2021-12-31,US,United States,512042.0,15863.0,825506.0
2022-01-01,US,United States,192231.0,16040.0,825907.0
2022-01-02,US,United States,296243.0,16817.0,826366.0
2022-01-03,US,United States,1042786.0,19671.0,828270.0
2022-01-04,US,United States,828807.0,21077.0,830596.0
2022-01-05,US,United States,675774.0,21500.0,832823.0
2022-01-06,US,United States,844602.0,21870.0,834917.0
2022-01-07,US,United States,878993.0,21364.0,837357.0
2022-01-08,US,United States,408676.0,19471.0,838229.0
2022-01-09,US,United States,493413.0,19608.0,838849.0
2022-01-10,US,United States,1354505.0,22446.0,840897.0
2022-01-11,US,United States,786219.0,23466.0,843418.0
2022-01-12,US,United States,853868.0,23105.0,846267.0
2022-01-13,US,United States,865295.0,23473.0,848829.0
2022-01-14,US,United States,879149.0,22408.0,851628.0
2022-01-15,US,United States,416300.0,18860.0,852636.0
2022-01-16,US,United States,486098.0,18062.0,853401.0
2022-01-17,US,United States,660241.0,21649.0,854439.0
2022-01-18,US,United States,1132867.0,22432.0,857174.0
2022-01-19,US,United States,909846.0,21851.0,860656.0
2022-01-20,US,United States,730881.0,21145.0,863588.0
2022-01-21,US,United States,805741.0,19653.0,866971.0
2022-01-22,US,United States,309958.0,17021.0,868003.0
2022-01-23,US,United States,370920.0,16866.0,868745.0
2022-01-24,US,United States,908752.0,20191.0,870920.0
2022-01-25,US,United States,492257.0,19528.0,874077.0
2022-01-26,US,United States,677101.0,18454.0,877937.0
2022-01-27,US,United States,503289.0,17900.0,880556.0
2022-01-28,US,United States,612644.0,16757.0,884649.0
2022-01-29,US,United States,182673.0,13797.0,885861.0
2022-01-30,US,United States,201011.0,13237.0,886349.0
2022-01-31,US,United States,535314.0,15958.0,888942.0
2022-02-01,US,United States,326436.0,15248.0,892289.0
2022-02-02,US,United States,327094.0,14235.0,895901.0
2022-02-03,US,United States,273626.0,12700.0,898385.0
2022-02-04,US,United States,354739.0,12245.0,902511.0
2022-02-05,US,United States,88420.0,10537.0,903438.0
2022-02-06,US,United States,85022.0,9821.0,903908.0
2022-02-07,US,United States,342589.0,11644.0,906780.0
2022-02-08,US,United States,213814.0,11270.0,909777.0
2022-02-09,US,United States,187152.0,10538.0,913111.0
2022-02-10,US,United States,170364.0,9929.0,916362.0
2022-02-11,US,United States,208170.0,9197.0,919069.0
2022-02-12,US,United States,52794.0,7316.0,919894.0
2022-02-13,US,United States,59196.0,6648.0,920478.0
2022-02-14,US,United States,167200.0,7887.0,923650.0
2022-02-15,US,United States,110383.0,7811.0,926248.0
2022-02-16,US,United States,113806.0,7376.0,929432.0
2022-02-17,US,United States,101268.0,6782.0,932377.0
2022-02-18,US,United States,143887.0,6122.0,934884.0
2022-02-19,US,United States,32158.0,5025.0,935571.0
2022-02-20,US,United States,23542.0,4698.0,936019.0
2022-02-21,US,United States,79645.0,5661.0,936919.0
2022-02-22,US,United States,89182.0,5560.0,939090.0
2022-02-23,US,United States,84046.0,5057.0,942181.0
2022-02-24,US,United States,66528.0,4814.0,945135.0
2022-02-25,US,United States,73642.0,4393.0,947214.0
2022-02-26,US,United States,47842.0,3562.0,947977.0
2022-02-27,US,United States,18533.0,3335.0,948202.0
2022-02-28,US,United States,96763.0,4097.0,950343.0
2022-03-01,US,United States,46453.0,4065.0,952106.0
2022-03-02,US,United States,53024.0,3777.0,954203.0
2022-03-03,US,United States,48487.0,3530.0,955908.0
2022-03-04,US,United States,58499.0,3278.0,957661.0
2022-03-05,US,United States,15266.0,2684.0,957971.0
2022-03-06,US,United States,12624.0,2495.0,958185.0
2022-03-07,US,United States,53478.0,2880.0,959862.0
2022-03-08,US,United States,29335.0,2841.0,961279.0
2022-03-09,US,United States,36895.0,2742.0,963303.0
2022-03-10,US,United States,45666.0,2640.0,965064.0
2022-03-11,US,United States,48760.0,2482.0,966723.0
2022-03-12,US,United States,10518.0,1928.0,967002.0
2022-03-13,US,United States,11308.0,1751.0,967197.0
2022-03-14,US,United States,34270.0,2335.0,968506.0
2022-03-15,US,United States,23513.0,2259.0,969585.0
2022-03-16,US,United States,51235.0,2147.0,971432.0
2022-03-17,US,United States,52025.0,2084.0,972925.0
2022-03-18,US,United States,31631.0,1913.0,973974.0
2022-03-19,US,United States,11121.0,1596.0,974258.0
2022-03-20,US,United States,11665.0,1477.0,974346.0
2022-03-21,US,United States,41044.0,1855.0,975396.0
2022-03-22,US,United States,21229.0,1943.0,976170.0
2022-03-23,US,United States,39901.0,1777.0,977809.0
2022-03-24,US,United States,42051.0,1756.0,978675.0
2022-03-25,US,United States,44415.0,1787.0,979520.0
2022-03-26,US,United States,9695.0,1447.0,979670.0
2022-03-27,US,United States,12036.0,1282.0,979731.0
2022-03-28,US,United States,37712.0,1580.0,980751.0
2022-03-29,US,United States,23060.0,1598.0,981511.0
2022-03-30,US,United States,38117.0,1573.0,982678.0
2022-03-31,US,United States,44550.0,1558.0,983193.0
2022-04-01,US,United States,31163.0,1522.0,984023.0
2022-04-02,US,United States,12080.0,1241.0,984182.0
2022-04-03,US,United States,5014.0,1280.0,984242.0
2022-04-04,US,United States,38117.0,1515.0,984827.0
2022-04-05,US,United States,24970.0,1573.0,985337.0
2022-04-06,US,United States,39930.0,1607.0,986443.0
2022-04-07,US,United States,49673.0,1638.0,987299.0
2022-04-08,US,United States,73178.0,1488.0,987915.0
2022-04-09,US,United States,13056.0,1367.0,988084.0
2022-04-10,US,United States,9807.0,1293.0,988114.0
2022-04-11,US,United States,38114.0,1649.0,988440.0
2022-04-12,US,United States,35222.0,1657.0,989040.0
2022-04-13,US,United States,50062.0,1682.0,990178.0
2022-04-14,US,United States,53859.0,1770.0,990717.0
2022-04-15,US,United States,34469.0,1619.0,991157.0
2022-04-16,US,United States,12819.0,1411.0,991211.0
2022-04-17,US,United States,7923.0,1500.0,991222.0
2022-04-18,US,United States,59551.0,1822.0,991461.0
2022-04-19,US,United States,38501.0,1980.0,991915.0
2022-04-20,US,United States,67774.0,1960.0,992792.0
2022-04-21,US,United States,60483.0,2046.0,993205.0
2022-04-22,US,United States,88575.0,2029.0,993715.0
2022-04-23,US,United States,20703.0,1743.0,993783.0
2022-04-24,US,United States,13983.0,1799.0,993815.0
2022-04-25,US,United States,67804.0,2226.0,994078.0
2022-04-26,US,United States,44890.0,2457.0,994400.0
2022-04-27,US,United States,89812.0,2329.0,995186.0
2022-04-28,US,United States,76974.0,2364.0,995614.0
2022-04-29,US,United States,61253.0,2400.0,996020.0
2022-04-30,US,United States,25097.0,2162.0,996152.0
2022-05-01,US,United States,17363.0,2176.0,996175.0
2022-05-02,US,United States,93873.0,2661.0,996470.0
2022-05-03,US,United States,49666.0,2816.0,996923.0
2022-05-04,US,United States,112349.0,2854.0,998875.0
2022-05-05,US,United States,88213.0,2932.0,999175.0
2022-05-06,US,United States,129052.0,2869.0,999533.0
2022-05-07,US,United States,29051.0,2510.0,999744.0
2022-05-08,US,United States,6612.0,2396.0,999774.0
2022-05-09,US,United States,129179.0,3028.0,1000024.0
2022-05-10,US,United States,70519.0,3212.0,1000356.0
2022-05-11,US,United States,161022.0,3336.0,1001029.0
2022-05-12,US,United States,105340.0,3622.0,1001342.0
2022-05-13,US,United States,87260.0,3425.0,1001543.0
2022-05-14,US,United States,18488.0,3148.0,1001609.0
2022-05-15,US,United States,33129.0,3076.0,1001646.0
2022-05-16,US,United States,176926.0,3827.0,1001889.0
2022-05-17,US,United States,85326.0,3795.0,1002289.0
2022-05-18,US,United States,203834.0,3724.0,1003238.0
2022-05-19,US,United States,135551.0,3847.0,1003595.0
2022-05-20,US,United States,148781.0,3771.0,1003994.0
2022-05-21,US,United States,28154.0,3413.0,1004089.0
2022-05-22,US,United States,20848.0,3440.0,1004133.0
2022-05-23,US,United States,141530.0,3921.0,1004380.0
2022-05-24,US,United States,83862.0,4099.0,1004724.0
2022-05-25,US,United States,210738.0,4171.0,1005801.0
2022-05-26,US,United States,135530.0,4191.0,1006168.0
2022-05-27,US,United States,107831.0,4186.0,1006692.0
2022-05-28,US,United States,14272.0,3653.0,1006739.0
2022-05-29,US,United States,7126.0,3593.0,1006756.0
2022-05-30,US,United States,62512.0,3923.0,1006798.0
2022-05-31,US,United States,167170.0,4673.0,1007165.0
2022-06-01,US,United States,228723.0,4570.0,1007830.0
2022-06-02,US,United States,122320.0,4446.0,1008171.0
2022-06-03,US,United States,156985.0,4199.0,1008543.0
2022-06-04,US,United States,28145.0,3709.0,1008727.0
2022-06-05,US,United States,16383.0,3764.0,1008761.0
2022-06-06,US,United States,159820.0,4566.0,1009039.0
2022-06-07,US,United States,86633.0,4506.0,1009520.0
2022-06-08,US,United States,198600.0,4656.0,1010694.0
2022-06-09,US,United States,131938.0,4581.0,1011015.0
2022-06-10,US,United States,106161.0,4540.0,1011374.0
2022-06-11,US,United States,35395.0,3916.0,1011491.0
2022-06-12,US,United States,17874.0,4082.0,1011521.0
2022-06-13,US,United States,151569.0,4697.0,1011792.0
2022-06-14,US,United States,90177.0,4707.0,1012176.0
2022-06-15,US,United States,184888.0,4738.0,1012872.0
2022-06-16,US,United States,130032.0,4619.0,1013321.0
2022-06-17,US,United States,138811.0,4425.0,1013638.0
2022-06-18,US,United States,17791.0,3964.0,1013681.0
2022-06-19,US,United States,18152.0,4113.0,1013735.0
2022-06-20,US,United States,96043.0,4836.0,1013807.0
2022-06-21,US,United States,111184.0,5050.0,1014283.0
2022-06-22,US,United States,185360.0,5144.0,1015125.0
2022-06-23,US,United States,138707.0,5300.0,1015518.0
2022-06-24,US,United States,117206.0,5254.0,1015950.0
2022-06-25,US,United States,41115.0,4667.0,1016115.0
2022-06-26,US,United States,22463.0,4673.0,1016137.0
2022-06-27,US,United States,159936.0,5420.0,1016434.0
2022-06-28,US,United States,97810.0,5460.0,1017011.0
2022-06-29,US,United States,189892.0,5493.0,1017717.0
2022-06-30,US,United States,167753.0,5612.0,1017463.0
2022-07-01,US,United States,156838.0,5417.0,1017958.0
2022-07-02,US,United States,20579.0,4895.0,1018012.0
2022-07-03,US,United States,8659.0,4779.0,1018020.0
2022-07-04,US,United States,76457.0,5192.0,1018099.0
2022-07-05,US,United States,141415.0,6318.0,1018561.0
2022-07-06,US,United States,200405.0,6400.0,1019311.0
2022-07-07,US,United States,139059.0,6489.0,1020401.0
2022-07-08,US,United States,137706.0,6150.0,1020883.0
2022-07-09,US,United States,29301.0,5565.0,1020981.0
2022-07-10,US,United States,24768.0,5541.0,1021013.0
2022-07-11,US,United States,200873.0,6414.0,1021470.0
2022-07-12,US,United States,148198.0,6799.0,1022050.0
2022-07-13,US,United States,204312.0,6648.0,1023006.0
2022-07-14,US,United States,175448.0,6573.0,1023401.0
2022-07-15,US,United States,153190.0,6377.0,1023892.0
2022-07-16,US,United States,39448.0,5693.0,1023963.0
2022-07-17,US,United States,29836.0,5810.0,1024017.0
2022-07-18,US,United States,164847.0,7064.0,1024451.0
2022-07-19,US,United States,117194.0,7087.0,1025087.0
2022-07-20,US,United States,216401.0,6935.0,1025972.0
2022-07-21,US,United States,175757.0,6937.0,1026484.0
2022-07-22,US,United States,131400.0,6551.0,1027032.0
2022-07-23,US,United States,26600.0,5899.0,1027134.0
2022-07-24,US,United States,23489.0,5946.0,1027166.0
2022-07-25,US,United States,189857.0,6807.0,1027588.0
2022-07-26,US,United States,132095.0,6856.0,1028140.0
2022-07-27,US,United States,239775.0,6795.0,1029073.0
2022-07-28,US,United States,177377.0,6825.0,1029502.0
2022-07-29,US,United States,159236.0,6200.0,1030106.0
2022-07-30,US,United States,16227.0,5599.0,1030157.0
2022-07-31,US,United States,13221.0,5683.0,1030170.0
2022-08-01,US,United States,169811.0,6514.0,1030736.0
2022-08-02,US,United States,90932.0,6742.0,1031255.0
2022-08-03,US,United States,200398.0,6650.0,1032305.0
2022-08-04,US,United States,187322.0,6602.0,1032969.0
2022-08-05,US,United States,106117.0,6261.0,1033656.0
2022-08-06,US,United States,15139.0,5497.0,1033728.0
2022-08-07,US,United States,12737.0,5400.0,1033760.0
2022-08-08,US,United States,155192.0,6505.0,1034254.0
2022-08-09,US,United States,99759.0,6540.0,1034904.0
2022-08-10,US,United States,196483.0,6424.0,1035817.0
2022-08-11,US,United States,162978.0,6298.0,1036406.0
2022-08-12,US,United States,96655.0,5859.0,1037021.0
2022-08-13,US,United States,83815.0,5137.0,1037107.0
2022-08-14,US,United States,9821.0,5088.0,1037124.0
2022-08-15,US,United States,122698.0,5967.0,1037586.0
2022-08-16,US,United States,91776.0,6055.0,1038107.0
2022-08-17,US,United States,136872.0,5857.0,1039174.0
2022-08-18,US,United States,149124.0,5638.0,1039822.0
2022-08-19,US,United States,77547.0,5514.0,1040386.0
2022-08-20,US,United States,11209.0,5009.0,1040460.0
2022-08-21,US,United States,9872.0,4946.0,1040486.0
2022-08-22,US,United States,128947.0,5604.0,1040992.0
2022-08-23,US,United States,99280.0,5649.0,1041613.0
2022-08-24,US,United States,151684.0,5495.0,1042543.0
2022-08-25,US,United States,139655.0,5512.0,1043193.0
2022-08-26,US,United States,121074.0,5282.0,1043863.0
2022-08-27,US,United States,11918.0,4634.0,1043935.0
2022-08-28,US,United States,8592.0,4727.0,1043954.0
2022-08-29,US,United States,106175.0,5406.0,1044429.0
2022-08-30,US,United States,75634.0,5440.0,1044840.0
2022-08-31,US,United States,154173.0,5145.0,1046331.0
2022-09-01,US,United States,130229.0,4944.0,1047047.0
2022-09-02,US,United States,64640.0,4755.0,1047498.0
2022-09-03,US,United States,11488.0,4239.0,1047566.0
2022-09-04,US,United States,7483.0,4182.0,1047580.0
2022-09-05,US,United States,33675.0,4413.0,1047669.0
2022-09-06,US,United States,112446.0,5008.0,1048274.0
2022-09-07,US,United States,123972.0,4960.0,1049053.0
2022-09-08,US,United States,107221.0,4829.0,1049764.0
2022-09-09,US,United States,100760.0,4467.0,1050270.0
2022-09-10,US,United States,10160.0,3865.0,1050352.0
2022-09-11,US,United States,9044.0,3923.0,1050373.0
2022-09-12,US,United States,69390.0,4438.0,1050823.0
2022-09-13,US,United States,79674.0,4517.0,1051351.0
2022-09-14,US,United States,103202.0,4463.0,1052301.0
2022-09-15,US,United States,83637.0,4260.0,1052995.0
2022-09-16,US,United States,56236.0,4052.0,1053401.0
2022-09-17,US,United States,8571.0,3592.0,1053460.0
2022-09-18,US,United States,5491.0,3711.0,1053484.0
2022-09-19,US,United States,55691.0,4239.0,1053873.0
2022-09-20,US,United States,69259.0,4167.0,1054322.0
2022-09-21,US,United States,98364.0,4149.0,1055288.0
2022-09-22,US,United States,81071.0,3950.0,1055978.0
2022-09-23,US,United States,83284.0,3610.0,1056375.0
2022-09-24,US,United States,9758.0,3178.0,1056457.0
2022-09-25,US,United States,6745.0,3313.0,1056475.0
2022-09-26,US,United States,45552.0,3846.0,1056840.0
2022-09-27,US,United States,61047.0,3749.0,1057292.0
2022-09-28,US,United States,86545.0,3658.0,1058563.0
2022-09-29,US,United States,84536.0,3619.0,1059289.0
2022-09-30,US,United States,33564.0,3435.0,1059609.0
2022-10-01,US,United States,8045.0,3019.0,1059644.0
2022-10-02,US,United States,5884.0,3199.0,1059662.0
2022-10-03,US,United States,41485.0,3660.0,1059953.0
2022-10-04,US,United States,55358.0,3560.0,1060458.0
2022-10-05,US,United States,71377.0,3545.0,1061484.0
2022-10-06,US,United States,60962.0,3536.0,1062108.0
2022-10-07,US,United States,58334.0,3367.0,1062508.0
2022-10-08,US,United States,7841.0,2885.0,1062560.0
2022-10-09,US,United States,5637.0,3042.0,1062572.0
2022-10-10,US,United States,23071.0,3602.0,1062707.0
2022-10-11,US,United States,60844.0,3465.0,1063317.0
2022-10-12,US,United States,64700.0,3507.0,1064087.0
2022-10-13,US,United States,63618.0,3481.0,1064678.0
2022-10-14,US,United States,27073.0,3247.0,1065009.0
2022-10-15,US,United States,6085.0,2841.0,1065051.0
2022-10-16,US,United States,6816.0,2919.0,1065062.0
2022-10-17,US,United States,38951.0,3439.0,1065399.0
2022-10-18,US,United States,43663.0,3554.0,1065836.0
2022-10-19,US,United States,60699.0,3541.0,1066546.0
2022-10-20,US,United States,57430.0,3431.0,1067151.0
2022-10-21,US,United States,46123.0,3373.0,1067732.0
2022-10-22,US,United States,5490.0,2950.0,1067755.0
2022-10-23,US,United States,8636.0,3050.0,1067767.0
2022-10-24,US,United States,39384.0,3658.0,1067976.0
2022-10-25,US,United States,43802.0,3814.0,1068411.0
2022-10-26,US,United States,71541.0,3659.0,1069511.0
2022-10-27,US,United States,59339.0,3477.0,1070104.0
2022-10-28,US,United States,30441.0,3215.0,1070296.0
2022-10-29,US,United States,9126.0,2869.0,1070332.0
2022-10-30,US,United States,3431.0,2952.0,1070341.0
2022-10-31,US,United States,44967.0,3596.0,1070473.0
2022-11-01,US,United States,48968.0,3811.0,1070918.0
2022-11-02,US,United States,74038.0,3740.0,1071641.0
2022-11-03,US,United States,70843.0,3691.0,1072286.0
2022-11-04,US,United States,38710.0,3475.0,1072641.0
2022-11-05,US,United States,5302.0,3096.0,1072674.0
2022-11-06,US,United States,8132.0,3287.0,1072693.0
2022-11-07,US,United States,40673.0,3754.0,1072827.0
2022-11-08,US,United States,31455.0,3562.0,1073048.0
2022-11-09,US,United States,97323.0,3532.0,1073955.0
2022-11-10,US,United States,66343.0,3514.0,1074547.0
2022-11-11,US,United States,13184.0,3548.0,1074603.0
2022-11-12,US,United States,5268.0,3085.0,1074608.0
2022-11-13,US,United States,2642.0,3137.0,1074621.0
2022-11-14,US,United States,50410.0,3586.0,1074875.0
2022-11-15,US,United States,59877.0,3764.0,1075277.0
2022-11-16,US,United States,84743.0,3653.0,1076077.0
2022-11-17,US,United States,54097.0,3867.0,1076605.0
2022-11-18,US,United States,55599.0,3649.0,1077115.0
2022-11-19,US,United States,5018.0,3252.0,1077138.0
2022-11-20,US,United States,3946.0,3479.0,1077158.0
2022-11-21,US,United States,44519.0,4134.0,1077369.0
2022-11-22,US,United States,56319.0,4185.0,1077935.0
2022-11-23,US,United States,113433.0,4049.0,1078921.0
2022-11-24,US,United States,16324.0,3673.0,1079110.0
2022-11-25,US,United States,22329.0,4351.0,1079264.0
2022-11-26,US,United States,3296.0,4170.0,1079277.0
2022-11-27,US,United States,5945.0,4580.0,1079290.0
2022-11-28,US,United States,62325.0,5342.0,1079588.0
2022-11-29,US,United States,67459.0,5310.0,1080000.0
2022-11-30,US,United States,113014.0,5071.0,1080560.0
2022-12-01,US,United States,90629.0,5022.0,1081247.0
2022-12-02,US,United States,64381.0,4837.0,1081559.0
2022-12-03,US,United States,7137.0,4393.0,1081588.0
2022-12-04,US,United States,5567.0,4624.0,1081599.0
2022-12-05,US,United States,57825.0,5505.0,1081822.0
2022-12-06,US,United States,95013.0,5451.0,1082427.0
2022-12-07,US,United States,145447.0,5275.0,1083432.0
2022-12-08,US,United States,99274.0,5141.0,1084324.0
2022-12-09,US,United States,36609.0,5177.0,1084523.0
2022-12-10,US,United States,7266.0,4644.0,1084556.0
2022-12-11,US,United States,6396.0,4739.0,1084567.0
2022-12-12,US,United States,59678.0,5629.0,1084795.0
2022-12-13,US,United States,93810.0,5556.0,1085390.0
2022-12-14,US,United States,148700.0,5799.0,1086272.0
2022-12-15,US,United States,112622.0,5680.0,1087093.0
2022-12-16,US,United States,55055.0,5570.0,1087518.0
2022-12-17,US,United States,7081.0,5031.0,1087544.0
2022-12-18,US,United States,6073.0,5074.0,1087566.0
2022-12-19,US,United States,60825.0,6030.0,1087848.0
2022-12-20,US,United States,81978.0,5963.0,1088434.0
2022-12-21,US,United States,182164.0,6014.0,1089476.0
2022-12-22,US,United States,96188.0,5830.0,1090072.0
2022-12-23,US,United States,39235.0,5558.0,1090279.0
2022-12-24,US,United States,6522.0,5069.0,1090301.0
2022-12-25,US,United States,3214.0,5021.0,1090316.0
2022-12-26,US,United States,12429.0,6607.0,1090345.0
2022-12-27,US,United States,110932.0,7126.0,1090701.0
2022-12-28,US,United States,113344.0,7254.0,1091691.0
2022-12-29,US,United States,103989.0,7372.0,1092615.0
2022-12-30,US,United States,34477.0,6913.0,1092831.0
2022-12-31,US,United States,7947.0,6105.0,1092857.0
2023-01-01,US,United States,4293.0,6057.0,1092872.0
2023-01-02,US,United States,8309.0,6712.0,1092894.0
2023-01-03,US,United States,112303.0,6893.0,1093301.0
2023-01-04,US,United States,198116.0,6657.0,1094586.0
2023-01-05,US,United States,107842.0,6586.0,1095428.0
2023-01-06,US,United States,65187.0,5849.0,1095882.0
2023-01-07,US,United States,5855.0,5152.0,1095908.0
2023-01-08,US,United States,5705.0,5087.0,1095925.0
2023-01-09,US,United States,43010.0,5813.0,1096225.0
2023-01-10,US,United States,83285.0,5780.0,1097117.0
2023-01-11,US,United States,139617.0,5626.0,1098947.0
2023-01-12,US,United States,64979.0,5403.0,1099667.0
2023-01-13,US,United States,33311.0,5034.0,1100047.0
2023-01-14,US,United States,5280.0,4218.0,1100099.0
2023-01-15,US,United States,3318.0,4092.0,1100115.0
2023-01-16,US,United States,7517.0,4886.0,1100159.0
2023-01-17,US,United States,81250.0,4887.0,1100903.0
2023-01-18,US,United States,128626.0,4810.0,1102484.0
2023-01-19,US,United States,91189.0,4710.0,1103803.0
2023-01-20,US,United States,37502.0,4363.0,1104245.0
2023-01-21,US,United States,5124.0,3689.0,1104268.0
2023-01-22,US,United States,3287.0,3690.0,1104281.0
2023-01-23,US,United States,31044.0,4424.0,1104595.0
2023-01-24,US,United States,55734.0,4445.0,1105398.0
2023-01-25,US,United States,102307.0,4169.0,1106766.0
2023-01-26,US,United States,64111.0,4145.0,1107649.0
2023-01-27,US,United States,16923.0,3990.0,1107751.0
2023-01-28,US,United States,4597.0,3533.0,1107766.0
2023-01-29,US,United States,3503.0,3513.0,1107780.0
2023-01-30,US,United States,29146.0,4040.0,1108008.0
2023-01-31,US,United States,55361.0,4020.0,1108778.0
2023-02-01,US,United States,116514.0,3962.0,1110086.0
2023-02-02,US,United States,81666.0,3885.0,1111249.0
2023-02-03,US,United States,38869.0,3769.0,1111769.0
2023-02-04,US,United States,4190.0,3242.0,1111786.0
2023-02-05,US,United States,2960.0,3442.0,1111788.0
2023-02-06,US,United States,24487.0,4036.0,1111980.0
2023-02-07,US,United States,45630.0,4068.0,1112452.0
2023-02-08,US,United States,83659.0,4011.0,1113519.0
2023-02-09,US,United States,81962.0,3986.0,1114475.0
2023-02-10,US,United States,12156.0,3856.0,1114582.0
2023-02-11,US,United States,4387.0,3227.0,1114619.0
2023-02-12,US,United States,3313.0,3245.0,1114627.0
2023-02-13,US,United States,23010.0,3917.0,1114799.0
2023-02-14,US,United States,47980.0,3993.0,1115250.0
2023-02-15,US,United States,88774.0,3934.0,1115831.0
2023-02-16,US,United States,60486.0,3804.0,1116941.0
2023-02-17,US,United States,47797.0,3631.0,1117662.0
2023-02-18,US,United States,2591.0,3207.0,1117679.0
2023-02-19,US,United States,1380.0,3212.0,1117680.0
2023-02-20,US,United States,1944.0,3833.0,1117753.0
2023-02-21,US,United States,60514.0,3692.0,1118115.0
2023-02-22,US,United States,110141.0,3574.0,1118976.0
2023-02-23,US,United States,56654.0,3455.0,1119611.0
2023-02-24,US,United States,12898.0,3349.0,1119663.0
2023-02-25,US,United States,2745.0,2857.0,1119677.0
2023-02-26,US,United States,1392.0,3137.0,1119677.0
2023-02-27,US,United States,15820.0,3587.0,1119667.0
2023-02-28,US,United States,42553.0,3360.0,1120002.0
2023-03-01,US,United States,83376.0,3305.0,1120911.0
2023-03-02,US,United States,61160.0,3267.0,1121667.0
2023-03-03,US,United States,60103.0,3073.0,1122157.0
2023-03-04,US,United States,1932.0,2712.0,1122164.0
2023-03-05,US,United States,,2828.0,
2023-03-06,US,United States,,3123.0,
2023-03-07,US,United States,,3028.0,
2023-03-08,US,United States,,2956.0,
2023-03-09,US,United States,,2891.0,
2023-03-10,US,United States,,2808.0,
2023-03-11,US,United States,,2339.0,
2023-03-12,US,United States,,2400.0,
2023-03-13,US,United States,,2848.0,
2023-03-14,US,United States,,2775.0,
2023-03-15,US,United States,,2866.0,
2023-03-16,US,United States,,2642.0,
2023-03-17,US,United States,,2433.0,
2023-03-18,US,United States,,2173.0,
2023-03-19,US,United States,,2225.0,
2023-03-20,US,United States,,2631.0,
2023-03-21,US,United States,,2595.0,
2023-03-22,US,United States,,2620.0,
2023-03-23,US,United States,,2623.0,
2023-03-24,US,United States,,2466.0,
2023-03-25,US,United States,,2133.0,
2023-03-26,US,United States,,2075.0,
2023-03-27,US,United States,,2452.0,
2023-03-28,US,United States,,2429.0,
2023-03-29,US,United States,,2339.0,
2023-03-30,US,United States,,2312.0,
2023-03-31,US,United States,,2242.0,
2023-04-01,US,United States,,1912.0,
2023-04-02,US,United States,,2056.0,
2023-04-03,US,United States,,2350.0,
2023-04-04,US,United States,,2212.0,
2023-04-05,US,United States,,2101.0,
2023-04-06,US,United States,,2072.0,
2023-04-07,US,United States,,1854.0,
2023-04-08,US,United States,,1639.0,
2023-04-09,US,United States,,1780.0,
2023-04-10,US,United States,,2081.0,
2023-04-11,US,United States,,1988.0,
2023-04-12,US,United States,,2027.0,
2023-04-13,US,United States,,1952.0,
2023-04-14,US,United States,,1974.0,
2023-04-15,US,United States,,1641.0,
2023-04-16,US,United States,,1664.0,
2023-04-17,US,United States,,1834.0,
2023-04-18,US,United States,,1749.0,
2023-04-19,US,United States,,1752.0,
2023-04-20,US,United States,,1663.0,
2023-04-21,US,United States,,1626.0,
2023-04-22,US,United States,,1391.0,
2023-04-23,US,United States,,1373.0,
2023-04-24,US,United States,,1553.0,
2023-04-25,US,United States,,1491.0,
2023-04-26,US,United States,,1499.0,
2023-04-27,US,United States,,1535.0,
2023-04-28,US,United States,,1479.0,
2023-04-29,US,United States,,1349.0,
2023-04-30,US,United States,,1292.0,
2023-05-01,US,United States,,1506.0,
2023-05-02,US,United States,,1454.0,
2023-05-03,US,United States,,1413.0,
2023-05-04,US,United States,,1403.0,
2023-05-05,US,United States,,1383.0,
2023-05-06,US,United States,,1300.0,
2023-05-07,US,United States,,1281.0,
2023-05-08,US,United States,,1488.0,
2023-05-09,US,United States,,1392.0,
2023-05-10,US,United States,,1380.0,
2023-05-11,US,United States,,1323.0,
2023-05-12,US,United States,,1238.0,
2023-05-13,US,United States,,1052.0,
2023-05-14,US,United States,,1093.0,
2023-05-15,US,United States,,1354.0,
2023-05-16,US,United States,,1283.0,
2023-05-17,US,United States,,1222.0,
2023-05-18,US,United States,,1328.0,
2023-05-19,US,United States,,1139.0,
2023-05-20,US,United States,,1003.0,
2023-05-21,US,United States,,1121.0,
2023-05-22,US,United States,,1231.0,
2023-05-23,US,United States,,1169.0,
2023-05-24,US,United States,,1163.0,
2023-05-25,US,United States,,1135.0,
2023-05-26,US,United States,,1131.0,
2023-05-27,US,United States,,874.0,
2023-05-28,US,United States,,969.0,
2023-05-29,US,United States,,1108.0,
2023-05-30,US,United States,,1159.0,
2023-05-31,US,United States,,1122.0,
2023-06-01,US,United States,,1084.0,
2023-06-02,US,United States,,981.0,
2023-06-03,US,United States,,931.0,
2023-06-04,US,United States,,884.0,
2023-06-05,US,United States,,1078.0,
2023-06-06,US,United States,,987.0,
2023-06-07,US,United States,,1062.0,
2023-06-08,US,United States,,948.0,
2023-06-09,US,United States,,937.0,
